{
  "benchmark_source": {
    "git_commit": "cf03bfd7bad1528093da9ce30ec68a04dcb1ce70",
    "worktree_dirty_at_start": false
  },
  "checkpoint": {
    "local_directory_name": "unsloth-gemma-4-12b-it-NVFP4-b1f6497",
    "repository": "unsloth/gemma-4-12b-it-NVFP4",
    "revision": "b1f649734b34aa5575b03d186abd1b9be3d0d5c4"
  },
  "configuration": {
    "batch_size": 1,
    "chunked_prefill": true,
    "cpu_offload_gb": 0,
    "cuda_graphs_requested": true,
    "detokenize": false,
    "enforce_eager": false,
    "gpu_memory_utilization": 0.95,
    "ignore_eos": true,
    "kv_cache_dtype": "bfloat16",
    "max_model_len": 8449,
    "measured_repetitions": 10,
    "prefix_caching": false,
    "primary_statistic": "median",
    "seed": 0,
    "temperature": 0.0,
    "text_only": true,
    "warmups": 3
  },
  "hardware": {
    "compute_capability": [
      12,
      0
    ],
    "device_name": "NVIDIA GeForce RTX 5080 Laptop GPU",
    "total_memory_bytes": 16652042240
  },
  "limitations": [
    "No power, clock, or thermal time series was captured.",
    "Request metrics provide average decode intervals, not p95/p99 per-token latency.",
    "The direct checkpoint and closest-parity llama.cpp GGUF differ in attention weight precision."
  ],
  "results": [
    {
      "end_to_end_wall_seconds": {
        "confidence_interval_95": [
          0.02706606400607269,
          0.02918412759426575
        ],
        "maximum": 0.03137177399912616,
        "mean": 0.02812509580016922,
        "median": 0.027538658500816382,
        "minimum": 0.026741804998891894,
        "sample_count": 10,
        "samples": [
          0.027410508000684786,
          0.027256909999778145,
          0.026741804998891894,
          0.02766680900094798,
          0.02721048300008988,
          0.02683753400015121,
          0.028288494000662467,
          0.028592434000529465,
          0.02987420700083021,
          0.03137177399912616
        ],
        "standard_deviation": 0.0014805272254109201
      },
      "generated_tokens": 1,
      "mode": "prefill",
      "prompt_throughput_tokens_per_second": {
        "confidence_interval_95": [
          4414.881835296577,
          4751.949477943444
        ],
        "maximum": 4820.562911350352,
        "mean": 4583.415656620011,
        "median": 4679.485759956933,
        "minimum": 4089.572601654504,
        "sample_count": 10,
        "samples": [
          4702.958337713305,
          4728.765310526454,
          4820.562911350352,
          4656.013182200561,
          4735.146516140413,
          4784.9030935553155,
          4534.880620338382,
          4486.936382174974,
          4294.41761054585,
          4089.572601654504
        ],
        "standard_deviation": 235.6104059035823
      },
      "prompt_tokens": 128,
      "time_to_first_token_seconds": {
        "confidence_interval_95": [
          0.026909429136515665,
          0.02908465236067672
        ],
        "maximum": 0.03129911422729492,
        "mean": 0.027997040748596193,
        "median": 0.027354121208190918,
        "minimum": 0.026552915573120117,
        "sample_count": 10,
        "samples": [
          0.02721691131591797,
          0.027068376541137695,
          0.026552915573120117,
          0.027491331100463867,
          0.027031898498535156,
          0.026750802993774414,
          0.02822566032409668,
          0.028527259826660156,
          0.029806137084960938,
          0.03129911422729492
        ],
        "standard_deviation": 0.0015204818319283708
      }
    },
    {
      "end_to_end_wall_seconds": {
        "confidence_interval_95": [
          0.07947710538929983,
          0.1195059852100587
        ],
        "maximum": 0.15907843899913132,
        "mean": 0.09949154529967927,
        "median": 0.08338266349983314,
        "minimum": 0.08192417999998725,
        "sample_count": 10,
        "samples": [
          0.08192417999998725,
          0.13831144199866685,
          0.15907843899913132,
          0.11274824700012687,
          0.08853526200073247,
          0.08278883099956147,
          0.08397649600010482,
          0.08251995699902182,
          0.08250856499944348,
          0.0825240340000164
        ],
        "standard_deviation": 0.02798020168407397
      },
      "generated_tokens": 1,
      "mode": "prefill",
      "prompt_throughput_tokens_per_second": {
        "confidence_interval_95": [
          4607.034570120214,
          6280.544570005398
        ],
        "maximum": 6255.632728204889,
        "mean": 5443.789570062806,
        "median": 6146.496982614533,
        "minimum": 3220.199838351485,
        "sample_count": 10,
        "samples": [
          6255.632728204889,
          3703.796869987548,
          3220.199838351485,
          4544.352259285045,
          5788.06920400303,
          6190.194334667946,
          6102.7996305611205,
          6211.321461110613,
          6211.572987623039,
          6209.956386833346
        ],
        "standard_deviation": 1169.7841040462652
      },
      "prompt_tokens": 512,
      "time_to_first_token_seconds": {
        "confidence_interval_95": [
          0.07939699219755991,
          0.11942636443085805
        ],
        "maximum": 0.1589963436126709,
        "mean": 0.09941167831420898,
        "median": 0.08330368995666504,
        "minimum": 0.08184623718261719,
        "sample_count": 10,
        "samples": [
          0.08184623718261719,
          0.13823652267456055,
          0.1589963436126709,
          0.11266732215881348,
          0.08845782279968262,
          0.08271145820617676,
          0.08389592170715332,
          0.08243012428283691,
          0.08242678642272949,
          0.08244824409484863
        ],
        "standard_deviation": 0.027980545880619604
      }
    },
    {
      "end_to_end_wall_seconds": {
        "confidence_interval_95": [
          0.39889604181610655,
          0.4267969887847078
        ],
        "maximum": 0.44422943999961717,
        "mean": 0.41284651530040717,
        "median": 0.41716262550016836,
        "minimum": 0.38640401100019517,
        "sample_count": 10,
        "samples": [
          0.4247775490002823,
          0.38640401100019517,
          0.44422943999961717,
          0.38834838600087096,
          0.42559610399985104,
          0.4095477020000544,
          0.40174868300164235,
          0.42745960600041144,
          0.3948108290005621,
          0.425542843000585
        ],
        "standard_deviation": 0.01950277216983871
      },
      "generated_tokens": 1,
      "mode": "prefill",
      "prompt_throughput_tokens_per_second": {
        "confidence_interval_95": [
          4804.617547389997,
          5141.639690166416
        ],
        "maximum": 5302.9754252444545,
        "mean": 4973.128618778206,
        "median": 4912.918343806927,
        "minimum": 4612.795849203924,
        "sample_count": 10,
        "samples": [
          4822.516885674601,
          5302.9754252444545,
          4612.795849203924,
          5275.248206923954,
          4814.605231312996,
          5003.319801939253,
          5100.732570533455,
          4793.567860194166,
          5190.584481182326,
          4814.939875572934
        ],
        "standard_deviation": 235.578601477442
      },
      "prompt_tokens": 2048,
      "time_to_first_token_seconds": {
        "confidence_interval_95": [
          0.3986986683766561,
          0.4265888167460246
        ],
        "maximum": 0.4439823627471924,
        "mean": 0.41264374256134034,
        "median": 0.4170013666152954,
        "minimum": 0.3861982822418213,
        "sample_count": 10,
        "samples": [
          0.42467451095581055,
          0.3861982822418213,
          0.4439823627471924,
          0.388228178024292,
          0.4253723621368408,
          0.4093282222747803,
          0.40151095390319824,
          0.42723917961120605,
          0.3945605754852295,
          0.4253427982330322
        ],